Video Title,View Count,Like Count (of video),Comment Count,Text Display,Author Display Name,Like Count (of comment),Reply Count (of comment)
How to Use Dropbox - Complete Tutorial,216238,2781,136,dropbox referral link httpswwwdropboxcomreferralsaabedecq5uoiyc5erodoojuj3cgup0ju0srcglobal9,@Howfinity,5,0
How to Use Dropbox - Complete Tutorial,216238,2781,136,farr much bla bla,@laszlot.drover1937,0,0
How to Use Dropbox - Complete Tutorial,216238,2781,136,shared file edited everyone link file see edits edited file reshared see edits two people work shared file timeex google drive allows holder link work real time together adding content party see content added real time file storing system change made link holder reuploaded drop box,@brianfitzgerald8373,0,0
How to Use Dropbox - Complete Tutorial,216238,2781,136,excellent presentation said pertinent point without lot fluff,@sarahbrown9293,0,0
How to Use Dropbox - Complete Tutorial,216238,2781,136,thank,@orillansa,0,0
How to Use Dropbox - Complete Tutorial,216238,2781,136,tough call unlearn nacisists parenting done foolproof guidance helpful thank w super video may add appologise fe length video dense subject find concise point,@pearlgeneste1890,0,0
How to Use Dropbox - Complete Tutorial,216238,2781,136,helpful thanks,@coachebonitheimplementatio6103,0,0
How to Use Dropbox - Complete Tutorial,216238,2781,136,apple ipad tutorial upload photo dropbox,@licensedprofessional4742,0,0
How to Use Dropbox - Complete Tutorial,216238,2781,136,upload video someone easily view another phone one uploaded,@JohntehGman,0,0
How to Use Dropbox - Complete Tutorial,216238,2781,136,good video one question come send link ipad dropbox client get error message saying cant download indefinitely dont want client forced sign drop box high appears case dont something wrong believe,@danpape,0,0
How to Use Dropbox - Complete Tutorial,216238,2781,136,dropbox website column size show way show folder size ultimately sort folder size,@Mario-xr3jo,0,0
How to Use Dropbox - Complete Tutorial,216238,2781,136,hi thankyou great tutorial tell order file correct date order seems order date created computer,@ruthmorris3481,0,0
How to Use Dropbox - Complete Tutorial,216238,2781,136,great tutorial thanks good teacher please clarify one thing delete file dropbox folder local drive preserved cloud,@afzalrahman2546,0,1
How to Use Dropbox - Complete Tutorial,216238,2781,136,awesome thanks,@veronicaunderdal6568,0,0
How to Use Dropbox - Complete Tutorial,216238,2781,136,seems file keep downloaded dropbox without approval dont want insure complete control downloaded,@quabledistocficklepo3597,0,0
How to Use Dropbox - Complete Tutorial,216238,2781,136,given dropbox mainly ive found nearly impossible receive answer questionswhats easiest way get,@quabledistocficklepo3597,0,0
How to Use Dropbox - Complete Tutorial,216238,2781,136,amazing video,@marxxs,0,0
How to Use Dropbox - Complete Tutorial,216238,2781,136,thank excellent introduction,@robertdufour2456,0,0
How to Use Dropbox - Complete Tutorial,216238,2781,136,bought new macbook pro transferred dropbox file folder new computer message really pop window keep coming saying bold print turn accessibility smaller print say get dropbox select dropbox checkbox security privacyaccessibility give option little mini window either select learn turn accessibility recommend turning accessibility dropbox thanks help,@JustAGuitarPlayer,0,0
How to Use Dropbox - Complete Tutorial,216238,2781,136,thank great explanation,@user-lk8qf1rl4w,0,0
How to Use Dropbox - Complete Tutorial,216238,2781,136,really helpful thanks,@josephmcculloch2591,0,0
How to Use Dropbox - Complete Tutorial,216238,2781,136,change phone play store id unable sign dropbox account plz help yahoo id working sending code yahoo id id deactivated trouble plz help,@syedashah-vd5ds,0,0
How to Use Dropbox - Complete Tutorial,216238,2781,136,thank,@texangrammy,0,0
How to Use Dropbox - Complete Tutorial,216238,2781,136,super clear explanation using drop box helping someone whose husband business drop box account would like separate linked free personal account,@tonibuzzard9312,0,0
How to Use Dropbox - Complete Tutorial,216238,2781,136,great explanation postponing use dropbox use,@howardhack655,0,0
How to Use Dropbox - Complete Tutorial,216238,2781,136,thanks much easy understandable lesson,@kalebtesfaye1345,0,0
How to Use Dropbox - Complete Tutorial,216238,2781,136,thank video really helped share large file insurance provider awesomethank,@TrinaFoster,0,0
How to Use Dropbox - Complete Tutorial,216238,2781,136,great videothank,@virgodee23,0,0
How to Use Dropbox - Complete Tutorial,216238,2781,136,thank much awesome simply laid demonstrated bravo,@BernadettePauley,0,0
How to Use Dropbox - Complete Tutorial,216238,2781,136,thanks sharing office needed u start using dropbox data department rush really helpful looking forward seeing video,@isiomaaihenomon6520,0,0
How to Use Dropbox - Complete Tutorial,216238,2781,136,way save file locally delete dropbox account dont want delete anything dont need dropbox anymore wondering way without downloading folder one time thanks,@deyoglines,0,0
How to Use Dropbox - Complete Tutorial,216238,2781,136,great want use amy ipad mini ios1257 work file mac dropbox,@geraldpillay1522,0,0
How to Use Dropbox - Complete Tutorial,216238,2781,136,want learn,@timhomesandproperties5481,0,0
How to Use Dropbox - Complete Tutorial,216238,2781,136,want send team long,@johndawg3348,0,2
How to Use Dropbox - Complete Tutorial,216238,2781,136,helpful today excellent tutorial thank,@keithvallotphotography8273,0,0
How to Use Dropbox - Complete Tutorial,216238,2781,136,trouble dropbox spotlightfinder search inside dropbox folder,@Anjo1008,0,0
How to Use Dropbox - Complete Tutorial,216238,2781,136,mention dropbox app video cant find anyway thank sharing knowledge subscribed got app find hard figure people share filemap find without push link home new find hard see app thing many double file already two day,@Inatfromdenmark,0,0
How to Use Dropbox - Complete Tutorial,216238,2781,136,informative clear thank much,@ma.sheilal.bondad8612,0,0
How to Use Dropbox - Complete Tutorial,216238,2781,136,thank good instruction,@kellilarson6434,1,0
How to Use Dropbox - Complete Tutorial,216238,2781,136,2gb free thank,@kenplays017,0,0
How to Use Dropbox - Complete Tutorial,216238,2781,136,open pdf file dropbox web using adobe acrobat macos select open file adobe showing start adobe get web version content dropbox thank,@carolyncritz2799,0,0
How to Use Dropbox - Complete Tutorial,216238,2781,136,dropbox,@zeealsusimon,0,0
How to Use Dropbox - Complete Tutorial,216238,2781,136,thank helpful much helpful video dropbox provides,@janetfabresmith3080,0,0
How to Use Dropbox - Complete Tutorial,216238,2781,136,excellent video thank much,@marinacharalambous3251,0,0
How to Use Dropbox - Complete Tutorial,216238,2781,136,two question might know answer use dropbox collection large project file onlineonly file still open associated gi software computer would need download locally time second use dropbox backup want secondary tertiary backup physical hard drive download onlineonly file straight relevant backup location hard disc,@PhlogPhanatic,1,0
How to Use Dropbox - Complete Tutorial,216238,2781,136,excellent tutorial thank,@Tobi-xq2ij,0,0
How to Use Dropbox - Complete Tutorial,216238,2781,136,thank helpful,@saibs007,0,0
How to Use Dropbox - Complete Tutorial,216238,2781,136,install app use browser,@evadedernerd,0,0
How to Use Dropbox - Complete Tutorial,216238,2781,136,tutorial apple computer doesnt look dropbox pc,@sharonwybrants5739,0,0
How to Use Dropbox - Complete Tutorial,216238,2781,136,watched video dropbox helpful demonstrate expertise subject found pausing replaying every second would effective slow repeat key concept phrase important idea different word repetition engine learning youre clearly subject matter expert expert subject best possible teacher,@careyw3161,0,0
How to Use Dropbox - Complete Tutorial,216238,2781,136,hi new db love tutorial shared file atm save end user expires,@taniawilkinson5345,0,0
How to Use Dropbox - Complete Tutorial,216238,2781,136,thank,@mktgsifu,0,0
How to Use Dropbox - Complete Tutorial,216238,2781,136,great video excellent job,@danielvalenzuela9764,0,0
How to Use Dropbox - Complete Tutorial,216238,2781,136,helpful thank find video mobile app,@sueb9801,0,0
How to Use Dropbox - Complete Tutorial,216238,2781,136,open pdf dropbox edit save ipad without downloading pdf,@ScamAlert1001,0,0
How to Use Dropbox - Complete Tutorial,216238,2781,136,awesome,@preetimathur,0,0
How to Use Dropbox - Complete Tutorial,216238,2781,136,cant find drop box app tutorial anywhere channel said would,@scotty6783,0,0
How to Use Dropbox - Complete Tutorial,216238,2781,136,thank much delete file folder mac get deleted dropbox thank,@SangitaPatel2014,0,0
How to Use Dropbox - Complete Tutorial,216238,2781,136,haziran dosya teslim edilmeliydipostaneye gittim istasyonataahhütlü atmak için bir dropbox bir mektup yoluyla evraki sonra koyarim dedimizin olmadiğini söylediler dosyayi biter bitmez elden götürdüm büroya koydum,@filizilhan6495,0,0
How to Use Dropbox - Complete Tutorial,216238,2781,136,helpful got christmas gift husband video super helpful thank well made looking forward learning,@gerihenry2261,6,1
How to Use Dropbox - Complete Tutorial,216238,2781,136,doesnt help ill look elsewhere,@QUABLEDISTOCFICKLEPO,0,0
How to Use Dropbox - Complete Tutorial,216238,2781,136,great class explanation thanks,@danielvalenzuela9764,0,0
How to Use Dropbox - Complete Tutorial,216238,2781,136,provide link dropbox mobile app video difficulty sending file attachment phone tablet,@pookaloo0087,0,0
How to Use Dropbox - Complete Tutorial,216238,2781,136,open dropbox app laptop app appear taskbar win explorer dropbox folder open workspace naturally look different view dropbox website,@joukolehtomaki,0,0
How to Use Dropbox - Complete Tutorial,216238,2781,136,see drop box folder download app thank,@davidwilbur5632,0,0
How to Use Dropbox - Complete Tutorial,216238,2781,136,really helpful,@zafirhabib136,0,0
How to Use Dropbox - Complete Tutorial,216238,2781,136,heard racist hiring straight white people dropped dropbox,@grannywindu7,0,0
How to Use Dropbox - Complete Tutorial,216238,2781,136,incredible confusing anyone ever make file sharing easy safe theyll become millionaire overnight,@salvadormarley,2,0
How to Use Dropbox - Complete Tutorial,216238,2781,136,helpful thank,@debreale5236,0,0
How to Use Dropbox - Complete Tutorial,216238,2781,136,could file blocking dropbox keep getting error message,@bethwight6128,0,0
How to Use Dropbox - Complete Tutorial,216238,2781,136,new using dropbox nice intro share video thanks,@dwaynecable4120,0,0
How to Use Dropbox - Complete Tutorial,216238,2781,136,ill report next monday tasked define exactly dropbox video really helpful think make better,@goodgrief3141,0,0
How to Use Dropbox - Complete Tutorial,216238,2781,136,send link share use arrow tab top view folder file let shared folder viewable,@tedmarshall9142,0,0
How to Use Dropbox - Complete Tutorial,216238,2781,136,hi work excel word document two different computer dropbox computer edit update file,@cbing4036,0,0
How to Use Dropbox - Complete Tutorial,216238,2781,136,available online online tutor,@debifesler3724,0,0
How to Use Dropbox - Complete Tutorial,216238,2781,136,awesome thanksjt,@jtlunsford780,0,0
How to Use Dropbox - Complete Tutorial,216238,2781,136,thank howfinity good job explaining,@patriciajoseph3464,0,0
How to Use Dropbox - Complete Tutorial,216238,2781,136,talk much,@raytempus4212,0,0
How to Use Dropbox - Complete Tutorial,216238,2781,136,awesome needed,@eizm52,0,0
How to Use Dropbox - Complete Tutorial,216238,2781,136,clear explanation without making extended video,@rifriaz1345,3,0
How to Use Dropbox - Complete Tutorial,216238,2781,136,hope app easy looking,@UHFStation1,0,0
How to Use Dropbox - Complete Tutorial,216238,2781,136,thx teach,@CrashRebootL3,0,0
How to Use Dropbox - Complete Tutorial,216238,2781,136,question put existing file already dropbox account folder ive got big bunch video file mp4s mov want put created folder video cant seem figure must missing something,@RawFitChris,0,0
How to Use Dropbox - Complete Tutorial,216238,2781,136,absolutely brilliant tutorial ty,@ultimatesoccershow,0,0
How to Use Dropbox - Complete Tutorial,216238,2781,136,thank u soo much simple point watch ur video use mobile device,@toniacbc,1,0
How to Use Dropbox - Complete Tutorial,216238,2781,136,hello great video additional question need help file sharing subfolders trying main folder let individual people access sub folder example time sheet main folder individual folder employee dont want access others timesheet seems give access main folder way control individual access subfolderi hope question make sense thank advance,@patriciacook9134,3,0
How to Use Dropbox - Complete Tutorial,216238,2781,136,please help photo dropbox want put usb delete file dropbox lose,@deborahmurthwaite6704,0,0
How to Use Dropbox - Complete Tutorial,216238,2781,136,fantastic lecture god bless sir,@aminaadama5736,1,0
How to Use Dropbox - Complete Tutorial,216238,2781,136,wow much information one video got confusing cursor jumping around covered many circumstance usage,@sharonwelch8945,0,1
How to Use Dropbox - Complete Tutorial,216238,2781,136,provide one one coaching,@suhailzavaro298,0,0
How to Use Dropbox - Complete Tutorial,216238,2781,136,thank much tutorial helped lot,@Bagels4,0,0
How to Use Dropbox - Complete Tutorial,216238,2781,136,dropbox folder pc getting large still function move external drive,@howardslade267,0,0
How to Use Dropbox - Complete Tutorial,216238,2781,136,experience company underhanded venal buyer beware,@petersolomon5227,1,0
How to Use Dropbox - Complete Tutorial,216238,2781,136,dropbox racist use,@mike9356,0,0
How to Use Dropbox - Complete Tutorial,216238,2781,136,useful,@swathisuganyass9729,0,0
How to Use Dropbox - Complete Tutorial,216238,2781,136,thank soooooooooooooooooooooooooooooooooooooooooooooooooooooooooooooo much,@swathisuganyass9729,0,0
How to Use Dropbox - Complete Tutorial,216238,2781,136,one share filed need subscribed used free user,@mohamedhaja6055,0,0
How to Use Dropbox - Complete Tutorial,216238,2781,136,video start skip talk,@chrissysmith5619,1,0
How to Use Dropbox - Complete Tutorial,216238,2781,136,cool,@anthonychiapa290,0,0
How to Use Dropbox - Complete Tutorial,216238,2781,136,great video answered lot basic question getting started dropbox question hopefully theyll help others similar situation upload macbook pro 3tb photo library unlimited dropbox account file use additional 3tb macbook pro internal ssd hope answer open 3tb uploaded photo library another macbook air ipad iphone let say 256gb ssd delete 3tb photo library macbook pro ssd remain dropbox still accessed osios device including macbook pro thank advance assistance,@KyleChomei,6,2
How to Use Dropbox - Complete Tutorial,216238,2781,136,fine,@davidsaeteurn2948,0,0
How to Use Dropbox - Complete Tutorial,216238,2781,136,great intro thank,@ksrspitt,0,0
How to Use Dropbox - Complete Tutorial,216238,2781,136,recover delt email id client dropbox,@maliakbar8199,0,0
How to Use Dropbox - Complete Tutorial,216238,2781,136,need part move dropbox back desktop folder word document put dropbox downloaded tried move download file folder document vlc cone showed like changed medium file folder,@vickiebell9798,0,0
How to Use Dropbox - Complete Tutorial,216238,2781,136,excellent video thank clear helpful teacher adding bookmark,@marymurphycreates,2,0
How to Use Dropbox - Complete Tutorial,216238,2781,136,yes need much information possible,@maryswansen9218,0,0
How to Use Dropbox - Complete Tutorial,216238,2781,136,accidently merged file client main account know reverse cant find phone number db support hint,@MrMichaelMJL,0,1
How to Use Dropbox - Complete Tutorial,216238,2781,136,ive uploaded lot video project way shuffle order within file uploaded see way thanks,@mhfitgirl78,2,1
How to Use Dropbox - Complete Tutorial,216238,2781,136,there typo systembut simply cant correct social security office want put original birth certificate original social security card original driver licenseand remaining original document dropbox get back problem put original document box somebody break open key necessary steal entire life typo going risk somebody stealing identity p office closed almost year vaccine mandate still wont go work,@NickRobbins82,0,0
How to Use Dropbox - Complete Tutorial,216238,2781,136,nice presentation able upload email gmail dropbox thanks zev,@zeevschnitzer4235,0,0
How to Use Dropbox - Complete Tutorial,216238,2781,136,like,@richrobinson2134,0,0
How to Use Dropbox - Complete Tutorial,216238,2781,136,noob question deleted ebook access thought deleting copy yep fortunately author could undo damage way author keep noobs like,@tinavinson3063,0,1
How to Use Dropbox - Complete Tutorial,216238,2781,136,thanks helpful havent using dropbox much last year couple project need share file larger outlook send problem dropbox app doesnt work win10 machineafter downloading installing app open get file explorer box dropbox folder there place login open dropbox must log website screen look like screen video,@doofusmaguilacutee4998,0,0
How to Use Dropbox - Complete Tutorial,216238,2781,136,yup best tutorial video,@philodonoghue3062,0,0
How to Use Dropbox - Complete Tutorial,216238,2781,136,video useful thank much,@gabicreightonbooksetc.,0,0
How to Use Dropbox - Complete Tutorial,216238,2781,136,great video simple effective thanks,@CarlWattsGolf,1,0
How to Use Dropbox - Complete Tutorial,216238,2781,136,thank sharing knowledge people like using dropbox first time see commentnote wrote client shared folder download file within folder sure commentsnote front eye find could way viewing dropbox account,@sharonvetalice1370,0,0
How to Use Dropbox - Complete Tutorial,216238,2781,136,dropbox referral link httpswwwdropboxcomreferralsaabedecq5uoiyc5erodoojuj3cgup0ju0srcglobal9,@Howfinity,5,0
How to Use Dropbox - Complete Tutorial,216238,2781,136,like presentationthank,@ar.shankarhosakere009,1,0
How to Use Dropbox - Complete Tutorial,216238,2781,136,newbie still bit confused far best tutorial video thank,@JohnKostohryz,14,0
How to Use Dropbox - Complete Tutorial,216238,2781,136,ty sharing knowledge,@RadicallyLowly,1,0
How to Use Dropbox - Complete Tutorial,216238,2781,136,love dropbox using year always learned something new practically every video thank,@keliblum6591,10,0
How to Use Dropbox - Complete Tutorial,216238,2781,136,thanks sharing video,@maryda3896,1,0
How to Use DROPBOX-Dropbox Tutorial for Beginners,591342,5987,274,new improved dropbox tutorial httpsyoutubeimovaeomk0q,@Howfinity,5,0
How to Use DROPBOX-Dropbox Tutorial for Beginners,591342,5987,274,pay monthly dropboxhow get free,@joanneregan787,0,0
How to Use DROPBOX-Dropbox Tutorial for Beginners,591342,5987,274,wonderful concise clear easy understand basic thank,@nureni5145,2,0
How to Use DROPBOX-Dropbox Tutorial for Beginners,591342,5987,274,dont mac,@IAmJustSaying6,0,0
How to Use DROPBOX-Dropbox Tutorial for Beginners,591342,5987,274,sorry could follow dropbox look different,@IAmJustSaying6,0,0
How to Use DROPBOX-Dropbox Tutorial for Beginners,591342,5987,274,hi new chanel loved explain easily use app got email saying icloud going stopping many photo imessages passed away scared loose brought extra storage year going stop best solution using dropbox ensure dont loose anything loose cant replace dont use computer everything iphone ipad thanks,@sotired7453,0,0
How to Use DROPBOX-Dropbox Tutorial for Beginners,591342,5987,274,thanks,@kennethcollins3121,0,0
How to Use DROPBOX-Dropbox Tutorial for Beginners,591342,5987,274,friggin hate program user friendly program lve ever encountered people send file need tutorial say step step step function cant figure save file phone access video program,@encouragingword1172,0,0
How to Use DROPBOX-Dropbox Tutorial for Beginners,591342,5987,274,come youtube find thing older still working young guy j speaking like train instruction distant tiny lettered screen rubbish,@joymilne346,0,1
How to Use DROPBOX-Dropbox Tutorial for Beginners,591342,5987,274,awesome,@preetimathur,0,0
How to Use DROPBOX-Dropbox Tutorial for Beginners,591342,5987,274,awesome,@preetimathur,0,0
How to Use DROPBOX-Dropbox Tutorial for Beginners,591342,5987,274,firestick etc,@iainmulholland2751,0,0
How to Use DROPBOX-Dropbox Tutorial for Beginners,591342,5987,274,thank great video helping get started dropbox easily brilliant min video,@TheHozing,0,0
How to Use DROPBOX-Dropbox Tutorial for Beginners,591342,5987,274,good info need phone phone dropbox couldnt figure go new tutorialits lol,@babydragonsartstore007,0,0
How to Use DROPBOX-Dropbox Tutorial for Beginners,591342,5987,274,helpful thank,@lodgechant,0,0
How to Use DROPBOX-Dropbox Tutorial for Beginners,591342,5987,274,need help certain problem,@debifesler3724,0,0
How to Use DROPBOX-Dropbox Tutorial for Beginners,591342,5987,274,thanks,@davidinnewport,0,0
How to Use DROPBOX-Dropbox Tutorial for Beginners,591342,5987,274,he talking fast helpful,@markmcgruder1271,0,0
How to Use DROPBOX-Dropbox Tutorial for Beginners,591342,5987,274,thank detailed video helpful informative,@serahabiona5527,0,0
How to Use DROPBOX-Dropbox Tutorial for Beginners,591342,5987,274,helpful thank,@CarolAnnsArt,0,0
How to Use DROPBOX-Dropbox Tutorial for Beginners,591342,5987,274,thank,@bangyudi80,0,0
How to Use DROPBOX-Dropbox Tutorial for Beginners,591342,5987,274,terimakasih tutorial beginner sangat bermanfaat,@mulyanaedu4495,0,0
How to Use DROPBOX-Dropbox Tutorial for Beginners,591342,5987,274,like thank,@NurhayatiNurhayati-ff2oj,0,0
How to Use DROPBOX-Dropbox Tutorial for Beginners,591342,5987,274,dropbox folder pc getting large move external drive still operate correctly,@howardslade267,0,0
How to Use DROPBOX-Dropbox Tutorial for Beginners,591342,5987,274,awesome tutorial need teach youtubers make tutorial,@charleskapiotis1017,0,0
How to Use DROPBOX-Dropbox Tutorial for Beginners,591342,5987,274,beginner horrible go fast,@Robsellsmexico,0,0
How to Use DROPBOX-Dropbox Tutorial for Beginners,591342,5987,274,whoa slow beginner remember curser going rate knot,@colinmelhuish1254,0,0
How to Use DROPBOX-Dropbox Tutorial for Beginners,591342,5987,274,vid advanced beginner talk fast stuff small read jump around much complicated beginner,@DeerheartStudioArts,0,0
How to Use DROPBOX-Dropbox Tutorial for Beginners,591342,5987,274,afraid print small user friendly sorry,@darelbutler3953,0,0
How to Use DROPBOX-Dropbox Tutorial for Beginners,591342,5987,274,appreciate youre never really learned computer stuff dis abled warrior massive stroke cancer survivor wanting start youtube channel sure starting point,@alisonholland5319,0,0
How to Use DROPBOX-Dropbox Tutorial for Beginners,591342,5987,274,thanks tutorial,@jugalgupta7234,0,0
How to Use DROPBOX-Dropbox Tutorial for Beginners,591342,5987,274,fast doesnt good,@danielkaylor8395,0,0
How to Use DROPBOX-Dropbox Tutorial for Beginners,591342,5987,274,video helpful thanks,@NIVBibleSongs,0,0
How to Use DROPBOX-Dropbox Tutorial for Beginners,591342,5987,274,please careful app delete data want uninstall please dont even download,@JonathanRodriguez-su8cl,0,0
How to Use DROPBOX-Dropbox Tutorial for Beginners,591342,5987,274,good video,@youtuberbayleexiong908,0,0
How to Use DROPBOX-Dropbox Tutorial for Beginners,591342,5987,274,bought new pc bundled software come 25gb cloud storage using dropbox seems pretty straight forward thought id watch video case missing something thanks,@clearcreek69,0,0
How to Use DROPBOX-Dropbox Tutorial for Beginners,591342,5987,274,crazy hard many version one desktop dont thing trying add one folder another option,@jefflonowski5835,0,0
How to Use DROPBOX-Dropbox Tutorial for Beginners,591342,5987,274,thank much info discussed concisely,@shielajanetahoynon6489,0,0
How to Use DROPBOX-Dropbox Tutorial for Beginners,591342,5987,274,safe store confidential info doc dropbox,@nileshvagal,0,0
How to Use DROPBOX-Dropbox Tutorial for Beginners,591342,5987,274,print directly dropbox read,@paulsloan4725,0,0
How to Use DROPBOX-Dropbox Tutorial for Beginners,591342,5987,274,hey dropbox include middle age white male new youtube advert want u buy product,@youghal40clashmore,0,0
How to Use DROPBOX-Dropbox Tutorial for Beginners,591342,5987,274,obvious lot expertise information use drop box unfortunately dont seem understand viewer using video learn use drop box doesnt necessarily mastery baseline information could please slow go little detail version doesnt use mac think make change become much userfriendly website thanks,@ellenwaggener588,0,0
How to Use DROPBOX-Dropbox Tutorial for Beginners,591342,5987,274,thank video still understand drag drop process could give attention explaining example move copy document word photograph place computer dropbox thank,@terryplater2937,1,0
How to Use DROPBOX-Dropbox Tutorial for Beginners,591342,5987,274,great,@prabhatdubey5780,0,0
How to Use DROPBOX-Dropbox Tutorial for Beginners,591342,5987,274,great video question btw dont dropbox account viewed video dropbox link file exactly happens dropbox user know viewedaccessed linksfiles,@anordinaryjoe7565,0,0
How to Use DROPBOX-Dropbox Tutorial for Beginners,591342,5987,274,hu,@augustxiii2580,0,0
How to Use DROPBOX-Dropbox Tutorial for Beginners,591342,5987,274,sync folder mac dropbox iphone,@morethanwords,0,0
How to Use DROPBOX-Dropbox Tutorial for Beginners,591342,5987,274,hi oldie fast hard see screen describing,@gailpollard8587,0,1
How to Use DROPBOX-Dropbox Tutorial for Beginners,591342,5987,274,thanks much,@lonewolfsky4816,0,0
How to Use DROPBOX-Dropbox Tutorial for Beginners,591342,5987,274,want phone,@aboutbiographyofappslikeas8636,1,0
How to Use DROPBOX-Dropbox Tutorial for Beginners,591342,5987,274,free appor pay,@ThoughtfulMemories43,0,0
How to Use DROPBOX-Dropbox Tutorial for Beginners,591342,5987,274,lmao people saying fast reduce playback speed lmao hard,@bhuvissabharwal3567,0,0
How to Use DROPBOX-Dropbox Tutorial for Beginners,591342,5987,274,thank later,@salihdelic2617,0,0
How to Use DROPBOX-Dropbox Tutorial for Beginners,591342,5987,274,note watched large screen big pause button digest audio fast talker,@ianauld807,0,0
How to Use DROPBOX-Dropbox Tutorial for Beginners,591342,5987,274,one device whole thing seems amazingly overbuilt wanted send email second video friend yahoo nerve make need use damn thing couldnt,@LEXICOGRAFFER,0,0
How to Use DROPBOX-Dropbox Tutorial for Beginners,591342,5987,274,wonderful concise clear easy understand basic thank,@ambayogasmithtown6165,1,0
How to Use DROPBOX-Dropbox Tutorial for Beginners,591342,5987,274,great information cant see talking screen white space started phone could read went pc better cold read zoomed text tiny specific often say see well see small fast video would improved said folder computer want move dropbox hope help,@eugenecbell,0,0
How to Use DROPBOX-Dropbox Tutorial for Beginners,591342,5987,274,way fast beginner experience forgotten beginner like,@adamreiter8104,0,0
How to Use DROPBOX-Dropbox Tutorial for Beginners,591342,5987,274,fast complicated,@gidgetcricketangel,0,0
How to Use DROPBOX-Dropbox Tutorial for Beginners,591342,5987,274,poor,@kenthorne7056,0,0
How to Use DROPBOX-Dropbox Tutorial for Beginners,591342,5987,274,good,@stoneactionclips6224,0,0
How to Use DROPBOX-Dropbox Tutorial for Beginners,591342,5987,274,sorry beginner way fast image small see clicking,@CanadianAquarian,0,0
How to Use DROPBOX-Dropbox Tutorial for Beginners,591342,5987,274,hardly see,@veronawazir2407,0,0
How to Use DROPBOX-Dropbox Tutorial for Beginners,591342,5987,274,someone gave link video use dropbox dont know open watch,@jamesashton2291,0,0
How to Use DROPBOX-Dropbox Tutorial for Beginners,591342,5987,274,thank posting clear contained everything hoping see,@StephenCarmona,0,1
How to Use DROPBOX-Dropbox Tutorial for Beginners,591342,5987,274,beginner comment apparently beginner pc technology general,@lucky13srb,0,1
How to Use DROPBOX-Dropbox Tutorial for Beginners,591342,5987,274,way fast much wish could understood,@edschaeffer3845,0,1
How to Use DROPBOX-Dropbox Tutorial for Beginners,591342,5987,274,way fast beginner follow cant see screen well enough know whatever see end probably doesnt match screen,@wolfnrus,0,1
How to Use DROPBOX-Dropbox Tutorial for Beginners,591342,5987,274,feel info fast click dot bottom video change playback speed x075 x050 make easier digest,@Misshowzat,1,1
How to Use DROPBOX-Dropbox Tutorial for Beginners,591342,5987,274,found informative although cant see may fast people senior speed reader listener able follow along well thank,@vikkishowe-gaither4349,1,1
How to Use DROPBOX-Dropbox Tutorial for Beginners,591342,5987,274,dropbox web service becoming unreliable file uploading error frequently occurring researching alternate product,@PeterWTaylor,0,2
How to Use DROPBOX-Dropbox Tutorial for Beginners,591342,5987,274,dont make presentation lightning speed everyone tech savvy cant follow along pace speaking please consider slowing,@ahetlinger,0,1
How to Use DROPBOX-Dropbox Tutorial for Beginners,591342,5987,274,sir forgot dropbox id passwordor id srf dropbox thi emailjab hum forgot pe upadte kare batara opt sent new paswrd keliye uska email nahi tha kaise open kare hum idplz boliye,@shifaqadri1401,0,0
How to Use DROPBOX-Dropbox Tutorial for Beginners,591342,5987,274,please slow show clicking something image click small spread mouse two cent good video,@flintmaloney3143,0,2
How to Use DROPBOX-Dropbox Tutorial for Beginners,591342,5987,274,finally know cloud work,@jack6478,1,0
How to Use DROPBOX-Dropbox Tutorial for Beginners,591342,5987,274,lost,@susanbass3450,0,0
How to Use DROPBOX-Dropbox Tutorial for Beginners,591342,5987,274,person end need dropbox view item,@QUDASCIENTISTTV,0,3
How to Use DROPBOX-Dropbox Tutorial for Beginners,591342,5987,274,good teacher far fast,@marklancaster8543,0,1
How to Use DROPBOX-Dropbox Tutorial for Beginners,591342,5987,274,get bored much talking,@neilmartinez2100,0,0
How to Use DROPBOX-Dropbox Tutorial for Beginners,591342,5987,274,thank really needed help,@shanekawallace-graham2190,0,0
How to Use DROPBOX-Dropbox Tutorial for Beginners,591342,5987,274,tutorial moving much fastabout time quickly follow youand ive using computer year though slight handicap eyesight righthand still even stopping video often see movement cursor magnifyingglass didnt help much image computer display small couldnt makeout cursor time moved step quickly good beginner tutorial slow whats hurry,@boydasmith,0,1
How to Use DROPBOX-Dropbox Tutorial for Beginners,591342,5987,274,thanks video provided exactly needed know starting new business looking sharing storage option,@kelleangale7938,1,0
How to Use DROPBOX-Dropbox Tutorial for Beginners,591342,5987,274,say pc,@BoldsRescue,0,0
How to Use DROPBOX-Dropbox Tutorial for Beginners,591342,5987,274,uh except receiving,@twerkinthecityhuh6340,0,0
How to Use DROPBOX-Dropbox Tutorial for Beginners,591342,5987,274,like video spoke far quickly difficult follow gave sorry check elsewhere,@rosemarybarnett2297,0,0
How to Use DROPBOX-Dropbox Tutorial for Beginners,591342,5987,274,movie phone add dropbox account phone broke bought another one sign dropbox account would find download new phone,@zonix1840,0,0
How to Use DROPBOX-Dropbox Tutorial for Beginners,591342,5987,274,thanks,@mickymouse2445,0,0
How to Use DROPBOX-Dropbox Tutorial for Beginners,591342,5987,274,agree commentsway fast supposed beginner,@teddybeer3856,0,0
How to Use DROPBOX-Dropbox Tutorial for Beginners,591342,5987,274,would clear honest title use dropboxdropbox tutorial beginner use apple moan,@tousdr,0,0
How to Use DROPBOX-Dropbox Tutorial for Beginners,591342,5987,274,u tell u feature using laptop like ever note others,@venkateshwarrao4727,0,0
How to Use DROPBOX-Dropbox Tutorial for Beginners,591342,5987,274,tooo fastfarkkk,@odettepross2435,0,0
How to Use DROPBOX-Dropbox Tutorial for Beginners,591342,5987,274,seem forget youve made video called dropbox tutorial beginner youre moving way fast beginner youve got slow remember viewing thisbeginners,@richardlandis2690,0,1
How to Use DROPBOX-Dropbox Tutorial for Beginners,591342,5987,274,good,@fikertgsadik5131,0,0
How to Use DROPBOX-Dropbox Tutorial for Beginners,591342,5987,274,find video quite interesting professional may suggest use pointer indicate direction movement rightleft top righttoleft follow screen,@jkbatna,0,1
How to Use DROPBOX-Dropbox Tutorial for Beginners,591342,5987,274,sorry others said isnt good beginner dummy like obviously know stuff blind fact many u didnt grow computer gave minute two watching presentation didnt help,@rickstillsent,0,0
How to Use DROPBOX-Dropbox Tutorial for Beginners,591342,5987,274,way follow he saying much fast time allowed view icon etc rushing displayed long enough see,@samanthauggur9788,0,1
How to Use DROPBOX-Dropbox Tutorial for Beginners,591342,5987,274,rename file folder,@kate-pc4kd,0,0
How to Use DROPBOX-Dropbox Tutorial for Beginners,591342,5987,274,made newer version tell u go back old version dropbox march,@gelynch52phPH,0,0
How to Use DROPBOX-Dropbox Tutorial for Beginners,591342,5987,274,used db tried access file response wasthis file previewed please check see file extension correct mean need change thanks,@douglassmith7630,0,0
How to Use DROPBOX-Dropbox Tutorial for Beginners,591342,5987,274,make another add payment watch recieving film via drop box thank linda,@LindaPow,0,0
How to Use DROPBOX-Dropbox Tutorial for Beginners,591342,5987,274,thank guide here growing community,@LindaPow,0,0
How to Use DROPBOX-Dropbox Tutorial for Beginners,591342,5987,274,thank learned lot,@JanieP53,0,0
How to Use DROPBOX-Dropbox Tutorial for Beginners,591342,5987,274,clear fast thank though,@internationalwomenleaders3259,3,0
How to Use DROPBOX-Dropbox Tutorial for Beginners,591342,5987,274,whats rush youre going go speed light least circle around mouse see clicking sorry thumb,@MrKen-wy5dk,0,0
How to Use DROPBOX-Dropbox Tutorial for Beginners,591342,5987,274,going waaaaaaaaaaaay fast beginner,@victoriajuana6704,1,0
How to Use DROPBOX-Dropbox Tutorial for Beginners,591342,5987,274,agree comment much fast pace beginner slow,@billjeanleppek7829,0,0
How to Use DROPBOX-Dropbox Tutorial for Beginners,591342,5987,274,thank best,@JL-xg7xb,0,0
How to Use DROPBOX-Dropbox Tutorial for Beginners,591342,5987,274,bad experience dropbox dont use never get rid,@ebbaaban4667,0,0
How to Use DROPBOX-Dropbox Tutorial for Beginners,591342,5987,274,dropbox double bill give refund try find close dropbox option hard find version existent use dropbox financial risk,@scott5747,0,0
How to Use DROPBOX-Dropbox Tutorial for Beginners,591342,5987,274,sense downloading dropbox impossible figure use,@azdigbee,0,0
How to Use DROPBOX-Dropbox Tutorial for Beginners,591342,5987,274,fast thank,@gerardbarrett8369,2,0
How to Use DROPBOX-Dropbox Tutorial for Beginners,591342,5987,274,appreciated said please consider instead please subscribeso subscribed cheer,@lvpvs23,6,0
How to Use DROPBOX-Dropbox Tutorial for Beginners,591342,5987,274,question editing document desktop click save locally desktop change automatically sync dropbox file vice versa otherwise id save twice right locally dropbox confused haha,@a_d_s5361,1,0
How to Use DROPBOX-Dropbox Tutorial for Beginners,591342,5987,274,someone doesnt dropbox phone send dropbox photo phone,@cliffdexter38,0,0
How to Use DROPBOX-Dropbox Tutorial for Beginners,591342,5987,274,pourquoi français,@yolandelaffont5153,0,0
How to Use DROPBOX-Dropbox Tutorial for Beginners,591342,5987,274,adding blurry video claim video producing business make sense make harder follow,@timfaughlin4996,0,1
How to Use DROPBOX-Dropbox Tutorial for Beginners,591342,5987,274,hi good video able send mp3 file dropbox,@risedaughterrise8202,0,5
How to Use DROPBOX-Dropbox Tutorial for Beginners,591342,5987,274,jeezi thought beginnersi lost plot second much fast talking tech talk,@johnling4299,1,1
How to Use DROPBOX-Dropbox Tutorial for Beginners,591342,5987,274,writing small see clicking highlighting going rather fast beginner follow along understand know content others using walk learn know content stopped half way mark dont know clicking video useful next,@kimberlybuckley5704,1,0
How to Use DROPBOX-Dropbox Tutorial for Beginners,591342,5987,274,dont get need download dropbox share file via email share fiile via email,@marcusweyerer4165,0,0
How to Use DROPBOX-Dropbox Tutorial for Beginners,591342,5987,274,thanks posting video question exporting file app instance would think dropbox cant see anywhere dropbox done anyone please help thanks,@germain3588,0,0
How to Use DROPBOX-Dropbox Tutorial for Beginners,591342,5987,274,tutorial would helpful wasnt blurry thank,@custodiolivulo7189,9,0
How to Use DROPBOX-Dropbox Tutorial for Beginners,591342,5987,274,whoa way fast stopped watching beginner,@caryniacovino2377,1,1
How to Use DROPBOX-Dropbox Tutorial for Beginners,591342,5987,274,stopped watching minute moved quickly wasnt able keep well min mark didnt see label file guess folder right look theyre packaged emailing would later action far beginner like concerned,@jamesscott7527,5,0
How to Use DROPBOX-Dropbox Tutorial for Beginners,591342,5987,274,upload without account download important many might want sign get file,@UHFStation1,1,0
How to Use DROPBOX-Dropbox Tutorial for Beginners,591342,5987,274,stopped watching minute beginner totally lost movement explanation maybe consider slowing see going screen thanks anyway,@suzybmusic-originalsandcov7101,15,2
How to Use DROPBOX-Dropbox Tutorial for Beginners,591342,5987,274,thanks much watching please give video thumb subscribe channel daily easy follow tech video thank,@Howfinity,13,1
How to Use DROPBOX-Dropbox Tutorial for Beginners,591342,5987,274,cant follow stopped videoyou smart,@michellepolon7056,0,0
How to Use DROPBOX-Dropbox Tutorial for Beginners,591342,5987,274,thank information need help putting file order alphabetical see tutorial written info dropbox none helped,@roxypianolessons,4,1
How to Use DROPBOX-Dropbox Tutorial for Beginners,591342,5987,274,pc get hacked phone device get hack easy access google get file lol lol lol,@mehere9215,0,0
How to Use DROPBOX-Dropbox Tutorial for Beginners,591342,5987,274,thanks taking time make found dropbox menu needlessly confusing,@LordHughfusJarted,1,0
How to Use DROPBOX-Dropbox Tutorial for Beginners,591342,5987,274,really say mac,@igottehgoodstuffz,11,2
How to Use DROPBOX-Dropbox Tutorial for Beginners,591342,5987,274,recipient shared file need db account contact accessed db need know address type share browseri know copy link email macphone input address contact list best vid old head needed thank,@jljuliano1,0,0
How to Use DROPBOX-Dropbox Tutorial for Beginners,591342,5987,274,money continuously debit every month automatically,@hemamadhuri8225,0,0
How to Use DROPBOX-Dropbox Tutorial for Beginners,591342,5987,274,really beginner assumes work already,@willemvandergeest5786,4,0
How to Use DROPBOX-Dropbox Tutorial for Beginners,591342,5987,274,excellent subscribed,@eossarasota5205,0,0
How to Use DROPBOX-Dropbox Tutorial for Beginners,591342,5987,274,excellent video great instruction,@ActivityPhoto,0,0
How to Use DROPBOX-Dropbox Tutorial for Beginners,591342,5987,274,way fast gave trying follow,@bobcouzens4411,10,0
How to Use DROPBOX-Dropbox Tutorial for Beginners,591342,5987,274,thanks video still question want save space may mac drag drop file mac dropbox delete mac secondly setting dropbox keep mac well dont want need space,@healthyinspirations6692,0,0
How to Use DROPBOX-Dropbox Tutorial for Beginners,591342,5987,274,helpful thank u,@Citizen-Shayn,0,0
How to Use DROPBOX-Dropbox Tutorial for Beginners,591342,5987,274,sajt excellent tutorial thank senior art director ive used dropbox year theyre always updating adding new feature constructive criticism please try enhance shot physical desktop rather squinty hard see great job thanks subscribed,@robertbruce5213,1,1
How to Use DROPBOX-Dropbox Tutorial for Beginners,591342,5987,274,love teaching easy try make seem confusing good job explaining,@gurtz1144,5,1
How to Use DROPBOX-Dropbox Tutorial for Beginners,591342,5987,274,thank sir may ask youis need buy,@jasay720,1,2
How to Use DROPBOX-Dropbox Tutorial for Beginners,591342,5987,274,u upload online vids ipad,@ahmednasym2547,1,0
How to Use DROPBOX-Dropbox Tutorial for Beginners,591342,5987,274,couldnt make print smaller could,@timgalus8707,0,0
How to Use DROPBOX-Dropbox Tutorial for Beginners,591342,5987,274,way fast give people time follow along video useless,@edv6764,8,1
How to Use DROPBOX-Dropbox Tutorial for Beginners,591342,5987,274,vdo clip sale pitch use dropbox confused,@southeastasiagoingastray731,2,0
How to Use DROPBOX-Dropbox Tutorial for Beginners,591342,5987,274,see thing small follow,@Donantoniosd,1,0
How to Use DROPBOX-Dropbox Tutorial for Beginners,591342,5987,274,plese give dropbox apps link plese brother important,@dipakchandradas5846,0,1
How to Use DROPBOX-Dropbox Tutorial for Beginners,591342,5987,274,confusing,@ezraana1,2,0
How to Use DROPBOX-Dropbox Tutorial for Beginners,591342,5987,274,slow bro tutorial video race see fast explain something,@RadReelingFishing,16,3
How to Use DROPBOX-Dropbox Tutorial for Beginners,591342,5987,274,db similar google drive,@RMS1983,0,0
How to Use DROPBOX-Dropbox Tutorial for Beginners,591342,5987,274,never used dropbox stated first timer started going like rocket couldnt keep one beginner,@joepiet,5,0
How to Use DROPBOX-Dropbox Tutorial for Beginners,591342,5987,274,cn get back,@zuzette100,1,0
How to Use DROPBOX-Dropbox Tutorial for Beginners,591342,5987,274,thanks sharing,@QuintinJrPaual,0,0
How to Use DROPBOX-Dropbox Tutorial for Beginners,591342,5987,274,ray ramano helpful thanks ray,@Luxo480,1,0
How to Use DROPBOX-Dropbox Tutorial for Beginners,591342,5987,274,sound good doesnt work,@mirkomueller3412,0,0
How to Use DROPBOX-Dropbox Tutorial for Beginners,591342,5987,274,dropbox working bad excel file autosave switched antivirus dropbox upload time caused file freeze sometime unstucks pair minute sometimes window office antivirus,@user-jc9ol8lf9i,2,0
How to Use DROPBOX-Dropbox Tutorial for Beginners,591342,5987,274,need help free space put back zero possible like say 1000gb witch use 300gb put back zero cant,@PlasmaRaven,0,1
How to Use DROPBOX-Dropbox Tutorial for Beginners,591342,5987,274,reduce caffeine intake half slow click move screen fast pause every second see hell youre talking,@bengedzyk6653,2,1
How to Use DROPBOX-Dropbox Tutorial for Beginners,591342,5987,274,thank,@terrytnewsum851,0,0
How to Use DROPBOX-Dropbox Tutorial for Beginners,591342,5987,274,httpsdbttqqdi1eryze 500mb refferral link,@percevalle1,0,0
How to Use DROPBOX-Dropbox Tutorial for Beginners,591342,5987,274,movie dropbox watch help,@cookie64zie,0,0
How to Use DROPBOX-Dropbox Tutorial for Beginners,591342,5987,274,hi thanks video use dropbox question keep copy pc especially hundred gigabyte take lot hard drive space way around save file db desktop automatically save cloud found file saved db pc never showed cloud others work said never saved created problem file recent,@peterflanagan3883,0,0
How to Use DROPBOX-Dropbox Tutorial for Beginners,591342,5987,274,httpsdbttxggyygp6uv,@grabow23,0,0
How to Use DROPBOX-Dropbox Tutorial for Beginners,591342,5987,274,beginner isnt youre racing without explaining anything fast lost minute gave,@blueballbag3588,81,8
How to Use DROPBOX-Dropbox Tutorial for Beginners,591342,5987,274,dropbox handle mp3 file,@paulkelley9641,0,2
How to Use DROPBOX-Dropbox Tutorial for Beginners,591342,5987,274,question ever ever answered question posted,@quabledistocficklepo3597,0,1
How to Use DROPBOX-Dropbox Tutorial for Beginners,591342,5987,274,thank video delete file computer saved dropbox clear space folder get deleted dropbox account,@rewalos5077,1,1
How to Use DROPBOX-Dropbox Tutorial for Beginners,591342,5987,274,thank video delete file computer saved dropbox clear space folder get deleted dropbox account,@rewalos5077,2,1
How to Use DROPBOX-Dropbox Tutorial for Beginners,591342,5987,274,lot info need slow old need find yr old set lol,@DC-be2vb,68,10
How to Use DROPBOX-Dropbox Tutorial for Beginners,591342,5987,274,use link get 12gb free storage sign download,@user-gm2mp3vw4z,0,0
How to Use DROPBOX-Dropbox Tutorial for Beginners,591342,5987,274,thank great video information one question use dropbox set dropbox storage alternate time machine backup mac,@jeged1094,4,1
How to Use DROPBOX-Dropbox Tutorial for Beginners,591342,5987,274,create acc get space httpsdbttvciteava,@Antonio-gv8yn,0,0
How to Use DROPBOX-Dropbox Tutorial for Beginners,591342,5987,274,great video many thanks,@mariocaguimbal6361,0,0
How to Use DROPBOX-Dropbox Tutorial for Beginners,591342,5987,274,really useful beginner,@managedoutsourcesolutions,0,0
How to Use DROPBOX-Dropbox Tutorial for Beginners,591342,5987,274,could download back device,@anti-matter5874,0,1
How to Use DROPBOX-Dropbox Tutorial for Beginners,591342,5987,274,never share file email who sharing dont know ifind who sharing email file,@sujathaprakash3098,0,0
How to Use DROPBOX-Dropbox Tutorial for Beginners,591342,5987,274,wan na know delete app phone keep photosvideos saved app reinstall phone,@alexandersveryown4760,0,1
How to Use DROPBOX-Dropbox Tutorial for Beginners,591342,5987,274,nice video,@AHpabna,0,0
How to Use DROPBOX-Dropbox Tutorial for Beginners,591342,5987,274,person want share file apply dropbox need sync computer getting,@potiswad,0,1
How to Use DROPBOX-Dropbox Tutorial for Beginners,591342,5987,274,upload dropbox file audio onto youtube use andriod phone help please,@martinmanuel8529,1,0
How to Use DROPBOX-Dropbox Tutorial for Beginners,591342,5987,274,vid clear,@johnbates2709,0,2
How to Use DROPBOX-Dropbox Tutorial for Beginners,591342,5987,274,didnt download idk whats going tho,@umbree6407,0,0
How to Use DROPBOX-Dropbox Tutorial for Beginners,591342,5987,274,dropbox 確保相片安全無虞 自動從您的手機或電腦上備份相片所有相片都能瞬間安全保存 dropbox 照您的行事風格運作 隨時透過任何裝置存取您的檔案 wwwdropboxcom dropbox 台灣客服信箱 dropbox_twyahoocomtw,@zoeychao4953,0,0
How to Use DROPBOX-Dropbox Tutorial for Beginners,591342,5987,274,really enjoyed video explain thing clear interesting way thanks,@LennyBriscoe88,0,1
How to Use DROPBOX-Dropbox Tutorial for Beginners,591342,5987,274,great considering third party access file,@thomasucc,0,1
How to Use DROPBOX-Dropbox Tutorial for Beginners,591342,5987,274,hi thanks info subscribed quick question using drop box move video pc ipad igtv looking clarity directly download video drop box save ipad igtv access help would great learning drop box rope,@THERUSTEDGARDEN,4,0
How to Use DROPBOX-Dropbox Tutorial for Beginners,591342,5987,274,useful video thank,@actionmediaonline8103,1,0
How to Use DROPBOX-Dropbox Tutorial for Beginners,591342,5987,274,thank easy understand video dropbox seemed confusing made clear great video,@rollibear9,0,0
How to Use DROPBOX-Dropbox Tutorial for Beginners,591342,5987,274,didnt address key issue security limit viewing file,@CoxJoxSox,1,0
How to Use DROPBOX-Dropbox Tutorial for Beginners,591342,5987,274,understand idea uploading file like remove file laptop hard drive upload dropbox still access file anytime remove file laptop hard drive longer cant access via dropbox something wrong,@josefrodriguez7441,1,3
How to Use DROPBOX-Dropbox Tutorial for Beginners,591342,5987,274,upload email dropbox paid dropbox pro,@scarlettbamaRTR,0,0
Do more than store with Dropbox,755,27,1,zxcvb1234567,@SkdsdKsas,0,0
Introducing Dropbox Dash and Dropbox AI | Dropbox,18229,388,37,learn make good video trash,@nocucksinkekistan7321,0,0
Introducing Dropbox Dash and Dropbox AI | Dropbox,18229,388,37,laid employee integrating api delivering mediocre experience maybe replace shorten video,@DJ-ws6je,0,0
Introducing Dropbox Dash and Dropbox AI | Dropbox,18229,388,37,congratulation dropbox given u practical usage read personal document give u answer upgrade read entire folder entire dropbox biggest plus productivity increase tenfold pc search like window search much dumber search yield nothing,@ianmbogo,1,0
Introducing Dropbox Dash and Dropbox AI | Dropbox,18229,388,37,dont want dropbox scraping text file option,@luxomoore6711,1,0
Introducing Dropbox Dash and Dropbox AI | Dropbox,18229,388,37,crucial maintain data security using platform like dropbox openai employing robust password practice enabling twofactor authentication staying vigilant sharing sensitive information essential step safeguard data privacy regularly reviewing privacy setting keeping software updated add extra layer protection potential vulnerability,@tsantajulio-gf3fv,3,0
Introducing Dropbox Dash and Dropbox AI | Dropbox,18229,388,37,extraordinary underrated video,@RakotondrazafyMiora-xl4wo,0,0
Introducing Dropbox Dash and Dropbox AI | Dropbox,18229,388,37,dropbox becoming slack slack become dropbox,@rodi4850,1,0
Introducing Dropbox Dash and Dropbox AI | Dropbox,18229,388,37,like dropbox dont like ceo talking much,@kymozyksel,2,0
Introducing Dropbox Dash and Dropbox AI | Dropbox,18229,388,37,genuinely like idea problem today world many tech giant really destroyed credibility preserving privacy every large tech giant boast information safe shared abused yet time time small business owner would love believe finally organization actually live core principle toe line promise sure ever build back trust bridge many tech giant abused,@chrispatriot,0,0
Introducing Dropbox Dash and Dropbox AI | Dropbox,18229,388,37,security go door soon sign dropbox dash ask grant permission email file application synchronize dropbox word total access information trying fool know information travelingmoving everywhere many server hand many company however totally new bot arguably selfawareness access information likely ability make arbitrary decision maybe little paranoid use tool carefully,@theendoffaith5903,2,1
Introducing Dropbox Dash and Dropbox AI | Dropbox,18229,388,37,dropbox incredibly proud never give anyone access personal file personal file fairly mundane,@user-um9sl1kj6u,1,0
Introducing Dropbox Dash and Dropbox AI | Dropbox,18229,388,37,love dropbox customer long,@srikkanthank,2,0
Introducing Dropbox Dash and Dropbox AI | Dropbox,18229,388,37,dont get various critical remark ive used dropbox beginning love need everyday,@q95oldies57,3,0
Introducing Dropbox Dash and Dropbox AI | Dropbox,18229,388,37,wonder security dropbox going know everything company would devastating bad actor could tap dash dash data stored left video never mention security think,@JanLandy,6,5
Introducing Dropbox Dash and Dropbox AI | Dropbox,18229,388,37,thank,@jhounemichaelolimba1480,0,0
Introducing Dropbox Dash and Dropbox AI | Dropbox,18229,388,37,look amazing signed still make cringe engineer get giddy ai making art cool,@Clarity-808,2,0
Introducing Dropbox Dash and Dropbox AI | Dropbox,18229,388,37,keep updated regarding dropbox dash please,@MrsClausRocks,0,0
Introducing Dropbox Dash and Dropbox AI | Dropbox,18229,388,37,sound good still remember story dropbox turning apple glad youre still thing,@BenWeeks-ca,1,0
Introducing Dropbox Dash and Dropbox AI | Dropbox,18229,388,37,gracias government backend spy file welcomed,@callmeNeno,0,0
Introducing Dropbox Dash and Dropbox AI | Dropbox,18229,388,37,worst company happy take money even offer work computer help customer service,@JohnKimock,7,0
Introducing Dropbox Dash and Dropbox AI | Dropbox,18229,388,37,awesome,@roberthealy1250,0,0
Introducing Dropbox Dash and Dropbox AI | Dropbox,18229,388,37,love,@erib156,1,0
Introducing Dropbox Dash and Dropbox AI | Dropbox,18229,388,37,looking yesterday seven image needed separate file could even odd tried move set separate folder image needed send separate client know moved file image difficult,@paulabevan,0,0
Introducing Dropbox Dash and Dropbox AI | Dropbox,18229,388,37,promosm,@lawrencevelez3014,0,0
Introducing Dropbox Dash and Dropbox AI | Dropbox,18229,388,37,dropbox full bug,@thiagofraga8804,4,1
Introducing Dropbox Dash and Dropbox AI | Dropbox,18229,388,37,extraordinary file underrated video,@dantaylor9601,6,0
Introducing Dropbox Dash and Dropbox AI | Dropbox,18229,388,37,super exciting nice work,@Social-anxiety-solutions,3,0
Introducing Dropbox Dash and Dropbox AI | Dropbox,18229,388,37,good stuff thank great work able analize image video well,@BackwardsMovies,5,0
Introducing Dropbox Dash and Dropbox AI | Dropbox,18229,388,37,signed dash waitlist interested see predicts work pattern,@hazrddesign,4,0
The Beginner's Guide to Dropbox for Windows - Cloud Storage,260671,4068,82,sir uploaded m access file planning run program linking m access possible use m access time,@leomaredcampos4941,0,0
The Beginner's Guide to Dropbox for Windows - Cloud Storage,260671,4068,82,elated found channel,@cecegreen3831,0,0
The Beginner's Guide to Dropbox for Windows - Cloud Storage,260671,4068,82,great instructional video question dropbox full happens delete picture file gone forever still cloud computer,@ydstephenson,0,0
The Beginner's Guide to Dropbox for Windows - Cloud Storage,260671,4068,82,folk teach folk teach sir teach born teach clear simple great job,@RenaGoodrich,4,0
The Beginner's Guide to Dropbox for Windows - Cloud Storage,260671,4068,82,way better onedrive basically automatically put everything computer cloud without permission,@boredwithadhd,0,0
The Beginner's Guide to Dropbox for Windows - Cloud Storage,260671,4068,82,thanks,@fernando7517,0,0
The Beginner's Guide to Dropbox for Windows - Cloud Storage,260671,4068,82,hi name adele saw video like explain thing covid picked hobby dropbox accountwoohoo comesive intimidated use mid young sixty tech savvy blood managed save thing document photo simply playing around clicking thing hoping always cancel dont think want mainly want save photo work like needlework image hard copy photo gallery unless there another way want export another app goodnotes time need import goodnotes dropbox however dont know translate information see yes new explain already inside dropbox assuming start home maybe video please let know question thank,@adelaidamilan4124,0,0
The Beginner's Guide to Dropbox for Windows - Cloud Storage,260671,4068,82,hai sir valuable experience helped lot sharing document throughout business really appreciate effort taken teach u use dropbox efficient way planning video onwards great service providing freely u lot love sri lanka,@commercewithmak5242,2,0
The Beginner's Guide to Dropbox for Windows - Cloud Storage,260671,4068,82,ive one time keep getting full message guessing linked file get bigger sync tell work dropbox file change file computer thanks nice simple,@paulpells1864,0,0
The Beginner's Guide to Dropbox for Windows - Cloud Storage,260671,4068,82,thank informative video,@hasyimahasem,0,0
The Beginner's Guide to Dropbox for Windows - Cloud Storage,260671,4068,82,put number shot work drop box email move email file work folder,@zakmagda,0,0
The Beginner's Guide to Dropbox for Windows - Cloud Storage,260671,4068,82,wanting know setup local dropbox drive learned thank,@armandinejacotin7034,0,0
The Beginner's Guide to Dropbox for Windows - Cloud Storage,260671,4068,82,please clarify drop file dropbox folder file stay local available internet connection thanks,@richardburgers8965,0,2
The Beginner's Guide to Dropbox for Windows - Cloud Storage,260671,4068,82,computer window deleted data goen still file saved dropbox,@umberyounas1439,0,0
The Beginner's Guide to Dropbox for Windows - Cloud Storage,260671,4068,82,option credit card isnt needed sigh even free account request credit card,@creativity.studio4967,0,0
The Beginner's Guide to Dropbox for Windows - Cloud Storage,260671,4068,82,hi share link extra storage please,@jamesteronline7710,0,0
The Beginner's Guide to Dropbox for Windows - Cloud Storage,260671,4068,82,good video easy understand clear,@kennethpriestley2020,0,0
The Beginner's Guide to Dropbox for Windows - Cloud Storage,260671,4068,82,either cloud crap etc lose privacy copyright upload personal stuff banned,@CollDott,0,0
The Beginner's Guide to Dropbox for Windows - Cloud Storage,260671,4068,82,thanks video looking link give byte storage,@DonaDavis,0,1
The Beginner's Guide to Dropbox for Windows - Cloud Storage,260671,4068,82,messed dropbox connection spinning ring fix ipad pro searching first place,@detraswem1698,0,0
The Beginner's Guide to Dropbox for Windows - Cloud Storage,260671,4068,82,gb storage gb atleast,@amzy3142,0,0
The Beginner's Guide to Dropbox for Windows - Cloud Storage,260671,4068,82,beware cant unsubscribe nuisance email,@geoffbanks6197,0,0
The Beginner's Guide to Dropbox for Windows - Cloud Storage,260671,4068,82,totally dont understand,@pc_phage8500,0,0
The Beginner's Guide to Dropbox for Windows - Cloud Storage,260671,4068,82,clear explanation useful u,@mkoteswararao123,0,0
The Beginner's Guide to Dropbox for Windows - Cloud Storage,260671,4068,82,good stuff,@domdedable,0,0
The Beginner's Guide to Dropbox for Windows - Cloud Storage,260671,4068,82,excellent presentation,@brianschulman6423,0,0
The Beginner's Guide to Dropbox for Windows - Cloud Storage,260671,4068,82,beginner guide dropbox mac computer,@beverlynelson6431,0,0
The Beginner's Guide to Dropbox for Windows - Cloud Storage,260671,4068,82,sound without explanation youre worthwhile,@5466Aaron,0,0
The Beginner's Guide to Dropbox for Windows - Cloud Storage,260671,4068,82,slow learning eager learn thank voice clear sound educational,@nadianasrawi4393,0,0
The Beginner's Guide to Dropbox for Windows - Cloud Storage,260671,4068,82,wonderful instruction,@suyogchannel4526,1,0
The Beginner's Guide to Dropbox for Windows - Cloud Storage,260671,4068,82,thank,@sasalazicgameplay4935,0,0
The Beginner's Guide to Dropbox for Windows - Cloud Storage,260671,4068,82,wow everything explained simply great job,@BillVol,4,0
The Beginner's Guide to Dropbox for Windows - Cloud Storage,260671,4068,82,wish tube good thank,@momosplacez3937,0,0
The Beginner's Guide to Dropbox for Windows - Cloud Storage,260671,4068,82,clicked something dropbox copying document computer want happen delete stop process,@mariakontzoglou6134,1,0
The Beginner's Guide to Dropbox for Windows - Cloud Storage,260671,4068,82,pleased impressed clarity logic thoroughness many line teacher assume much go fast novice trying learn thank,@michaelzajic6231,15,0
The Beginner's Guide to Dropbox for Windows - Cloud Storage,260671,4068,82,would nice actually showed use,@joeskismoski8633,1,0
The Beginner's Guide to Dropbox for Windows - Cloud Storage,260671,4068,82,hi know receiving digit verification code email,@Gabrielluna90,0,0
The Beginner's Guide to Dropbox for Windows - Cloud Storage,260671,4068,82,make file public sharable others see use share project youtube,@acatisfinetoo3018,0,0
The Beginner's Guide to Dropbox for Windows - Cloud Storage,260671,4068,82,thanks wached many video dropbox clear well explained one,@mohsinfareed1797,0,0
The Beginner's Guide to Dropbox for Windows - Cloud Storage,260671,4068,82,thank video like teaching style pacing simplicity great deal employer firing business learn whole new bunch apps overwhelming task tried put one drive file db today failed pretty much thank look forward learning supporting channel well safe,@LadyLotusWA,7,0
The Beginner's Guide to Dropbox for Windows - Cloud Storage,260671,4068,82,excellent tutorial thanks sharing,@adrianoroyorkshire,2,0
The Beginner's Guide to Dropbox for Windows - Cloud Storage,260671,4068,82,best yt video guide simple clear thanks,@jennygibbons1258,3,0
The Beginner's Guide to Dropbox for Windows - Cloud Storage,260671,4068,82,great feel education would better blockchain involved platform dropbox googledrive quite insecure sometimes student important file storage final project would recommend student use decentralized cloud storage data would storaged super secure way keeping privacy many decentralized platform recommend internxt drive easier intuitive one offer much security platform internxt based blockchain technology even recommendation use platform better adapts necessity,@cryptotieguy5954,0,0
The Beginner's Guide to Dropbox for Windows - Cloud Storage,260671,4068,82,tell absolutely nothing navigating drop box,@sphlouge,0,0
The Beginner's Guide to Dropbox for Windows - Cloud Storage,260671,4068,82,tried dropbox day put photo onin dropbox account thought could attach link folder pic send friend see family pic became totally confused totally frustrated put pic disc delivered imho thing time complicated anyway one bit intuitive investigate file sharing program dropbox,@stevenshackelford1937,1,0
The Beginner's Guide to Dropbox for Windows - Cloud Storage,260671,4068,82,certain pythonj4ck via insta hired last week got excellent service disbanding dropbox,@jobnoah3452,0,0
The Beginner's Guide to Dropbox for Windows - Cloud Storage,260671,4068,82,certain pythonj4ck via insta hired last week got excellent service disbanding dropbox,@jobnoah3452,0,0
The Beginner's Guide to Dropbox for Windows - Cloud Storage,260671,4068,82,thank clear introduction use dropbox share item others,@Leto85,3,0
The Beginner's Guide to Dropbox for Windows - Cloud Storage,260671,4068,82,tutorial amezing,@daisyislam4245,2,0
The Beginner's Guide to Dropbox for Windows - Cloud Storage,260671,4068,82,thanks clear introduction drop box getting started left another yt video dropbox beginner confusing,@ijpcreativitymusic2613,8,0
The Beginner's Guide to Dropbox for Windows - Cloud Storage,260671,4068,82,totally useless garbage asshole shilling paid account,@harryreams6248,0,0
The Beginner's Guide to Dropbox for Windows - Cloud Storage,260671,4068,82,take software user share software save space,@eyeshours2072,0,0
The Beginner's Guide to Dropbox for Windows - Cloud Storage,260671,4068,82,transfer documet large send email,@nolaborrego2267,0,0
The Beginner's Guide to Dropbox for Windows - Cloud Storage,260671,4068,82,super clear voice language great tutorial,@sarmela3681,0,0
The Beginner's Guide to Dropbox for Windows - Cloud Storage,260671,4068,82,great video great speaking voice fast slow clear thank,@kayleenleone1186,1,0
The Beginner's Guide to Dropbox for Windows - Cloud Storage,260671,4068,82,thankyou still helpful think google drive v dropbox feel best,@muhammadhamidkhan4716,3,0
The Beginner's Guide to Dropbox for Windows - Cloud Storage,260671,4068,82,tidak seru sekali,@helmirosidahhannum2227,0,0
The Beginner's Guide to Dropbox for Windows - Cloud Storage,260671,4068,82,thanks info clear explanation hope subscribe start answering people time answer useful others,@kathleenfusco3587,6,0
The Beginner's Guide to Dropbox for Windows - Cloud Storage,260671,4068,82,first exposure good clear concise overwhelming speedy thanks lesson needed get handle dropbox oh yeah click following link sign get extra 500mb storagejk,@psa110,1,0
The Beginner's Guide to Dropbox for Windows - Cloud Storage,260671,4068,82,basically icloud desktop app,@erikchua1207,1,0
The Beginner's Guide to Dropbox for Windows - Cloud Storage,260671,4068,82,thanks million,@umarkasule1786,0,0
The Beginner's Guide to Dropbox for Windows - Cloud Storage,260671,4068,82,thanks,@menzikhayazulu3492,0,0
The Beginner's Guide to Dropbox for Windows - Cloud Storage,260671,4068,82,sorry video show install dropbox couple option show nothing actually use dropbox,@natewatl9423,11,0
The Beginner's Guide to Dropbox for Windows - Cloud Storage,260671,4068,82,dropbox professional select folder individual file sync cloud keep cloud make local cloud computer handy indeed large file video,@rosepryor7040,2,0
The Beginner's Guide to Dropbox for Windows - Cloud Storage,260671,4068,82,used bonus link sign dropbox get extra mb account,@daniellesnes3752,1,1
The Beginner's Guide to Dropbox for Windows - Cloud Storage,260671,4068,82,thanks bro work perfect,@Chedda290592,1,0
The Beginner's Guide to Dropbox for Windows - Cloud Storage,260671,4068,82,delete file computer uploaded dropbox,@preetiprabhune2449,2,1
The Beginner's Guide to Dropbox for Windows - Cloud Storage,260671,4068,82,window pro keep installing dropbox mode,@GotKEYStudio,3,1
The Beginner's Guide to Dropbox for Windows - Cloud Storage,260671,4068,82,excellent video voice clarity content confusing using free basic version signed website dont understand website mentioned one would paid subscription cover innerworkings dropbox really learn anything thus left 1star,@telissalonikios4642,1,0
The Beginner's Guide to Dropbox for Windows - Cloud Storage,260671,4068,82,thank clear helpful explanation,@frankmasiello3182,6,0
The Beginner's Guide to Dropbox for Windows - Cloud Storage,260671,4068,82,good quality video,@margotkeener5326,0,0
The Beginner's Guide to Dropbox for Windows - Cloud Storage,260671,4068,82,hi want subscribe dropbox copied link video paste browser brings back tube vid,@rickjay1870,0,0
The Beginner's Guide to Dropbox for Windows - Cloud Storage,260671,4068,82,learn much program detail,@Dmiche02,8,0
The Beginner's Guide to Dropbox for Windows - Cloud Storage,260671,4068,82,edit file dropbox without downloading,@DipikaBector,2,0
The Beginner's Guide to Dropbox for Windows - Cloud Storage,260671,4068,82,thanks sharing video,@sorabhsood,0,0
The Beginner's Guide to Dropbox for Windows - Cloud Storage,260671,4068,82,thank iii begin starting dropbox useful please keep going,@muhammedakil3566,8,0
What is Dropbox? Explained! Original Dropbox Video [HD],146916,713,23,mvp,@user-uk4oz8xt3f,1,0
What is Dropbox? Explained! Original Dropbox Video [HD],146916,713,23,startup alot potential excited see future brings dropbox,@upsidedownChad,14,0
What is Dropbox? Explained! Original Dropbox Video [HD],146916,713,23,lean startup,@charlesalbarran.,0,0
What is Dropbox? Explained! Original Dropbox Video [HD],146916,713,23,lean startup brings,@yat121,0,0
What is Dropbox? Explained! Original Dropbox Video [HD],146916,713,23,damn drop box shit look dope,@ShahStark,1,0
What is Dropbox? Explained! Original Dropbox Video [HD],146916,713,23,data security,@hoangphuongnguyen3943,2,0
What is Dropbox? Explained! Original Dropbox Video [HD],146916,713,23,dont see dropbox help start car pay lunch,@axelbrunet6801,4,1
What is Dropbox? Explained! Original Dropbox Video [HD],146916,713,23,oooooooooooooooooooooooooooooooooooooooooooooooooooooooooooo oooooooooooooooooooooooooooooooooooooooooooooooooooooooooooo oooooooooooooooooooooooooooooooooooooooooooooooooooooooooooo oooooooooooooooooooooooooooooooooooooooooooooooooooooooooooo oooooooooooooooooooooooooooooooooooooooooooooooooooooooooooo oooooooooooooooooooooooooooooooooooooooooooooooooooooooooooo oooooooooooooooooooooooooooooooooooooooooooooooooooooooooooo oooooooooooooooooooooooooooooooooooooooooooooooooooooooooooo oooooooooooooooooooooooooooooooooooooooooooooooooooooooooooo oooooooooooooooooooooooooooooooooooooooooooooooooooooooooooo oooooooooooooooooooooooooooooooooooooooooooooooooooooooooooo oooooooooooooooooooooooooooooooooooooooooooooooooooooooooooo oooooooooooooooooooooooooooooooooooooooooooooooooooooooooooo oooooooooooooooooooooooooooooooooooooooooooooooooooooooooooo oooooooooooooooooooooooooooooooooooooooooooooooooooooooooooo oooooooooooooooooooooooooooooooooooooooooooooooooooooooooooo oooooooooooooooooooooooooooooooooooooooooooooooooooooooooooo oooooooooooooooooooooooooooooooooooooooooooooooooooooooooooo oooooooooooooooooooooooooooooooooooooooooooooooooooooooooooo oooooooooooooooooooooooooooooooooooooooooooooooooooooooooooo oooooooooooooooooooooooooooooooooooooooooooooooooooooooooooo oooooooooooooooooooooooooooooooooooooooooooooooooooooooooooo oooooooooooooooooooooooooooooooooooooooooooooooooooooooooooo oooooooooooooooooooooooooooooooooooooooooooooooooooooooooooo oooooooooooooooooooooooooooooooooooooooooooooooooooooooooooo oooooooooooooooooooooooooooooooooooooooooooooooooooooooooooo oooooooooooooooooooooooooooooooooooooooooooooooooooooooooooo oooooooooooooooooooooooooooooooooooooooooooooooooooooooooooo oooooooooooooooooooooooooooooooooooooooooooooooooooooooooooo oooooooooooooooooooooooooooooooooooooooooooooooooooooooooooo oooooooooooooooooooooooooooooooooooooooooooooooooooooooooooo oooooooooooooooooooooooooooooooooooooooooooooooooooooooooooo oooooooooooooooooooooooooooooooooooooooooooooooooooooooooooo oooooooooooooooooooooooooooooooooooooooooooooooooooooooooooo oooooooooooooooooooooooooooooooooooooooooooooooooooooooooooo oooooooooooooooooooooooooooooooooooooooooooooooooooooooooooo oooooooooooooooooooooooooooooooooooooooooooooooooooooooooooo oooooooooooooooooooooooooooooooooooooooooooooooooooooooooooo oooooooooooooooooooooooooooooooooooooooooooooooooooooooooooo oooooooooooooooooooooooooooooooooooooooooooooooooooooooooooo oooooooooooooooooooooooooooooooooooooooooooooooooooooooooooo oooooooooooooooooooooooooooooooooooooooooooooooooooooooooooo oooooooooooooooooooooooooooooooooooooooooooooooooooooooooooo oooooooooooooooooooooooooooooooooooooooooooooooooooooooooooo oooooooooooooooooooooooooooooooooooooooooooooooooooooooooooo oooooooooooooooooooooooooooooooooooooooooooooooooooooooooooo oooooooooooooooooooooooooooooooooooooooooooooooooooooooooooo oooooooooooooooooooooooooooooooooooooooooooooooooooooooooooo oooooooooooooooooooooooooooooooooooooooooooooooooooooooooooo oooooooooooooooooooooooooooooooooooooooooooooooooooooooooooo oooooooooooooooooooooooooooooooooooooooooooooooooooooooooooo oooooooooooooooooooooooooooooooooooooooooooooooooooooooooooo oooooooooooooooooooooooooooooooooooooooooooooooooooooooooooo oooooooooooooooooooooooooooooooooooooooooooooooooooooooooooo oooooooooooooooooooooooooooooooooooooooooooooooooooooooooooo oooooooooooooooooooooooooooooooooooooooooooooooooooooooooooo oooooooooooooooooooooooooooooooooooooooooooooooooooooooooooo oooooooooooooooooooooooooooooooooooooooooooooooooooooooooooo oooooooooooooooooooooooooooooooooooooooooooooooooooooooooooo oooooooooooooooooooooooooooooooooooooooooooooooooooooooooooo oooooooooooooooooooooooooooooooooooooooooooooooooooooooooooo oooooooooooooooooooooooooooooooooooooooooooooooooooooooooooo oooooooooooooooooooooooooooooooooooooooooooooooooooooooooooo oooooooooooooooooooooooooooooooooooooooooooooooooooooooooooo oooooooooooooooooooooooooooooooooooooooooooooooooooooooooooo oooooooooooooooooooooooooooooooooooooooooooooooooooooooooooo oooooooooooooooooooooooooooooooooooooooooooooooooooooooooooo oooooooooooooooooooooooooooooooooooooooooooooooooooooooooooo oooooooooooooooooooooooooooooooooooooooooooooooooooooooooooo oooooooooooooooooooooooooooooooooooooooooooooooooooooooooooo oooooooooooooooooooooooooooooooooooooooooooooooooooooooooooo oooooooooooooooooooooooooooooooooooooooooooooooooooooooooooo oooooooooooooooooooooooooooooooooooooooooooooooooooooooooooo oooooooooooooooooooooooooooooooooooooooooooooooooooooooooooo oooooooooooooooooooooooooooooooooooooooooooooooooooooooooooo oooooooooooooooooooooooooooooooooooooooooooooooooooooooooooo oooooooooooooooooooooooooooooooooooooooooooooooooooooooooooo oooooooooooooooooooooooooooooooooooooooooooooooooooooooooooo oooooooooooooooooooooooooooooooooooooooooooooooooooooooooooo oooooooooooooooooooooooooooooooooooooooooooooooooooooooooooo oooooooooooooooooooooooooooooooooooooooooooooooooooooooooooo oooooooooooooooooooooooooooooooooooooooooooooooooooooooooooo oooooooooooooooooooooooooooooooooooooooooooooooooooooooooooo oooooooooooooooooooooooooooooooooooooooooooooooooooooooooooo oooooooooooooooooooooooooooooooooooooooooooooooooooooooooooo oooooooooooooooooooooooooooooooooooooooooooooooooooooooooooo oooooooooooooooooooooooooooooooooooooooooooooooooooooooooooo oooooooooooooooooooooooooooooooooooooooooooooooooooooooooooo oooooooooooooooooooooooooooooooooooooooooooooooooooooooooooo oooooooooooooooooooooooooooooooooooooooooooooooooooooooooooo oooooooooooooooooooooooooooooooooooooooooooooooooooooooooooo oooooooooooooooooooooooooooooooooooooooooooooooooooooooooooo oooooooooooooooooooooooooooooooooooooooooooooooooooooooooooo oooooooooooooooooooooooooooooooooooooooooooooooooooooooooooo oooooooooooooooooooooooooooooooooooooooooooooooooooooooooooo oooooooooooooooooooooooooooooooooooooooooooooooooooooooooooo oooooooooooooooooooooooooooooooooooooooooooooooooooooooooooo oooooooooooooooooooooooooooooooooooooooooooooooooooooooooooo,@sonamchhopel1642,0,0
What is Dropbox? Explained! Original Dropbox Video [HD],146916,713,23,lean startup,@AnyFactor,4,0
What is Dropbox? Explained! Original Dropbox Video [HD],146916,713,23,like video,@dileshbalai9714,1,1
What is Dropbox? Explained! Original Dropbox Video [HD],146916,713,23,lean startup eric ries,@uzaisindiko6589,131,10
How To Use Dropbox,140108,1064,56,got told try load crap none make sense company steal email address information bet thats sale somewhere wont trust anyone suggests drivel,@002rikk,0,0
How To Use Dropbox,140108,1064,56,see accessing file shared possible see viewing folder real timelive,@sampaiofox,0,0
How To Use Dropbox,140108,1064,56,cautious using dropbox thing allowed onedrive without realizing actually took file desktop document photo file computer store cloud getting gig file back computer terribly long laborious process put back according original organization downloaded zip file dropbox take file simply copy anyone know sure guess dont comment please,@RichardSpeights,0,2
How To Use Dropbox,140108,1064,56,cant uninstall horrific app window computer,@zeenuf00,0,0
How To Use Dropbox,140108,1064,56,nice,@Abdallah349,0,0
How To Use Dropbox,140108,1064,56,dont know mean dropbox icon top screen dropbox item top screen,@davidbarker5941,0,1
How To Use Dropbox,140108,1064,56,get file drop box external drive,@annwright8665,0,0
How To Use Dropbox,140108,1064,56,rule chaotic fussy,@marlonpascual365,0,0
How To Use Dropbox,140108,1064,56,stop using drop box racist hiring manager dropbox admits dislike white people make employment decision based race,@indaclouds7485,0,0
How To Use Dropbox,140108,1064,56,share video dropbox social medium page,@keritoodle1613,0,0
How To Use Dropbox,140108,1064,56,great,@DHARMINDERF17,0,0
How To Use Dropbox,140108,1064,56,nice,@monirpatan7275,0,0
How To Use Dropbox,140108,1064,56,great video well done wouldve gone perfectly remembered go verify email explained tried get didnt work thank,@debbungartz,1,1
How To Use Dropbox,140108,1064,56,get rid rubbish cant unsubscribe,@geoffbanks6197,0,0
How To Use Dropbox,140108,1064,56,please careful app delete data want uninstall please dont even download,@JonathanRodriguez-su8cl,0,0
How To Use Dropbox,140108,1064,56,think dropbox kinda copying robloxs captcha ó_ó,@smiling_man1,0,0
How To Use Dropbox,140108,1064,56,great tutorial nice clear vocal fast ott editing annoying background music make life much easier well done thanks,@zolalloyd46,5,0
How To Use Dropbox,140108,1064,56,free account yr course much storage,@pinkfreud62,1,0
How To Use Dropbox,140108,1064,56,extremely attracted voice,@monkeyrobotsinc.9875,2,0
How To Use Dropbox,140108,1064,56,want save file server pc obliged save file cloud locally delete locally deletes server,@almedogjurgji,0,0
How To Use Dropbox,140108,1064,56,thank like voice helped follow,@hudaabuaziz,0,0
How To Use Dropbox,140108,1064,56,dare sound like greta,@doseofreality420marianetti2,0,0
How To Use Dropbox,140108,1064,56,dropbox obsolete since day created literally thing email except horribly unreliable constantly babysit make sure file actually uploaded crap something like ever gained traction never know,@jonl9801,0,3
How To Use Dropbox,140108,1064,56,thanks really helped knew nothing dropbox,@sekaiii,2,0
How To Use Dropbox,140108,1064,56,getting started tara,@augustxiii2580,0,0
How To Use Dropbox,140108,1064,56,easy amazing tutorial,@naeem8434,1,0
How To Use Dropbox,140108,1064,56,coming soon near future shouldnt unsubscribe u video absolutely solid reason cause video uploaded,@madhusarda7998,3,2
How To Use Dropbox,140108,1064,56,moneytize channel max,@chitongc,5,1
How To Use Dropbox,140108,1064,56,next video subscribe useful video channel,@rpshade8499,0,0
How To Use Dropbox,140108,1064,56,whats next instal window,@djvelocity,12,0
How To Use Dropbox,140108,1064,56,next video download game ps3,@pianchis,2,0
How To Use Dropbox,140108,1064,56,thanks video year,@pianchis,3,0
How To Use Dropbox,140108,1064,56,people may know everything video useful thanks,@vibilraj5050,18,0
How To Use Dropbox,140108,1064,56,next video suggestion unsub tech insider,@somedayitsgonnamakesense,1,0
How To Use Dropbox,140108,1064,56,unsuboh wait,@AG31594,3,0
How To Use Dropbox,140108,1064,56,commit suicide coz donno use dropbox,@athulm4015,4,1
How To Use Dropbox,140108,1064,56,pls tech insider pls show drink water pls pls,@muhtasimshafi9376,2,0
How To Use Dropbox,140108,1064,56,next video breathe,@ThreeTwentyTech,25,2
How To Use Dropbox,140108,1064,56,thx,@dstich7802,0,0
Dropbox vs Google Drive | The Ultimate Showdown (2024),14185,199,19,hi folk cloud storage provider pcloud offering exclusive discount via special link httpscyberlabgocompcloudoffer click activate offer perfect time experience secure worldclass cloud storage without breaking bank act fast grab amazing deal gone absolutely nothing lose thanks full moneyback guarantee,@TheCyberLab,0,0
Dropbox vs Google Drive | The Ultimate Showdown (2024),14185,199,19,dropbox better many area blockbased synchronisation alone huge difference google dropbox expensive doesnt offer probably sufficient user something around gb le money interesting 100gb google work perfectly however dropbox something similar eg 200gb per month would probably switch back dropbox,@devarni,0,0
Dropbox vs Google Drive | The Ultimate Showdown (2024),14185,199,19,think beat proprietary cloud storage dropbox mega dropbox use desktop mobile sync file mobile stored local desktop yes free dropbox gb drive gb mega gb use dropbox lot compatibility,@CompuB1t,0,0
Dropbox vs Google Drive | The Ultimate Showdown (2024),14185,199,19,use dropbox wan na store personal photo remember like uploaded family trip photo video sister upload dont know thing came back look year later comment weirdo deleted photo immediately turn photo public whole time didnt even know,@whatsaaappthesequel2.0,2,0
Dropbox vs Google Drive | The Ultimate Showdown (2024),14185,199,19,disappointing decided compare free version practically make video useless lot user,@ArielMartinez_dp,2,0
Dropbox vs Google Drive | The Ultimate Showdown (2024),14185,199,19,video sponsored google,@japyoo2248,0,0
Dropbox vs Google Drive | The Ultimate Showdown (2024),14185,199,19,one thing missed google drive share storage group ppl invite,@shaynetran,0,0
Dropbox vs Google Drive | The Ultimate Showdown (2024),14185,199,19,thanks video experience service give google try thanks info,@rioborzeli147,0,0
Dropbox vs Google Drive | The Ultimate Showdown (2024),14185,199,19,interested switching dropbox google drive user friendliness whats pulling hesitance transferring dropbox google drive dont know scarred losing file,@shakeelisaq7890,1,0
Dropbox vs Google Drive | The Ultimate Showdown (2024),14185,199,19,google drive take much time open upload thing dropbox let see preview zip file,@JuanLopezmusica,1,0
Dropbox vs Google Drive | The Ultimate Showdown (2024),14185,199,19,discount link doesent work,@danielberg5908,0,0
Dropbox vs Google Drive | The Ultimate Showdown (2024),14185,199,19,google dont synch file special character dropbox synch regardless filename,@dantetorres2960,1,0
Dropbox vs Google Drive | The Ultimate Showdown (2024),14185,199,19,strauss oppenheimer movie,@AbhishekK-ho4qs,0,0
Dropbox vs Google Drive | The Ultimate Showdown (2024),14185,199,19,crappy review comparing free tear service called ultimate showdown trying make people click google drive affiliate link thats ridiculous,@mauborba810,18,0
Dropbox vs Google Drive | The Ultimate Showdown (2024),14185,199,19,seems possible anymore use cloud service external drive mac true,@tube.brasil,0,0
Dropbox vs Google Drive | The Ultimate Showdown (2024),14185,199,19,dropbox onedrive better,@nazdice7405,0,1
Dropbox vs Google Drive | The Ultimate Showdown (2024),14185,199,19,unfortunately support shared drive io solved poorly google even gmail app cant add file attachment inapp drive app show drive file way around via share drive app third party like file browser stratospherix,@kyrbies,0,0
Dropbox vs Google Drive | The Ultimate Showdown (2024),14185,199,19,since switch gsuite workspace longer tariff unlimited storage space google result many photographer videographers dependent dropbox advanced 3x18,@kyrbies,1,0
