Topic,Protagonist,Genre,Scenario
2,1,1,A young entrepreneur develops a breakthrough software to optimize complex system operations in tech support.
2,1,2,"After discovering a hidden function in a Samsung Galaxy, a software engineer must learn its secrets to prevent a security breach."
2,1,3,A marketer at a tech company must master the language of coding to advance her career in tech product management.
2,1,4,A young software developer uncovers an encrypted message in a routine system update that leads to a corporate conspiracy.
2,1,5,Two young IT professionals from rival companies team up to solve a critical bug affecting Samsung Galaxy users.
2,2,1,A doctor must decode the medical data from new health-monitoring apps to save a patient's life.
2,2,2,A teacher unexpectedly becomes the school's IT hero when she fixes a major software crash using her problem-solving skills.
2,2,3,An overworked lawyer learns to balance life and work by automating tedious tasks with smart technology.
2,2,4,A pediatrician investigates a series of unusual symptoms that lead to a discovery about a mobile health app's malfunction.
2,2,5,A single parent lawyer and a software developer collaborate on a legal tech startup idea.
2,3,1,A gamer finds that their latest game mod for a popular smartphone can accidentally control other apps and must fix it before it's too late.
2,3,2,"A student discovers their ability to intuitively understand and manipulate any digital system, challenging their ethical boundaries."
2,3,3,"A young vlogger embarks on a journey to create a documentary about the evolution of mobile technology, learning coding along the way."
2,3,4,A content creator traces the source of a massive internet outage to a flaw in smartphone software.
2,3,5,Two competing tech bloggers unite to decode a mysterious new technology revealed at a tech conference.
2,4,1,An environmental scientist uses complex data modeling to prove that smartphone recycling can significantly reduce waste.
2,4,2,An artist discovers an old smartphone model that inspires a new art movement focused on e-waste.
2,4,3,A non-profit worker learns to navigate the complexities of international e-waste laws to help their cause.
2,4,4,An environmental advocate investigates a corporate cover-up related to harmful smartphone production practices.
2,4,5,An environmentalist and a tech CEO form an unlikely partnership to launch a green smartphone initiative.
2,5,1,A personal trainer develops an app that customizes workouts based on genetic data but encounters ethical issues.
2,5,2,An athlete stumbles upon a hidden feature in a fitness tracker that dramatically enhances training results.
2,5,3,A health coach challenges themselves to master a new technology to track and improve client outcomes.
2,5,4,A competitive athlete investigates a series of failures in sports tech that seem to target specific players.
2,5,5,A fitness influencer and a tech geek collaborate to debunk myths about health gadgets in a popular web series.
1,1,1,A young entrepreneur faces a dilemma when their beloved first smartphone starts a tech crisis at their startup.
1,1,2,"After losing their first iPhone, a tech specialist discovers it has a life of its own, leading them on an unexpected journey."
1,1,3,"A software engineer revisits their first coding project on an old phone, sparking a career-defining innovation."
1,1,4,A marketer must uncover why their first smartphone is sending mysterious messages years after it was turned off.
1,1,5,"Two entrepreneurs bond over the restoration of vintage smartphones, leading to a nostalgic startup idea."
1,2,1,"A doctor's first smartphone holds key patient data, and now it's missing — a race against time ensues."
1,2,2,"A lawyer receives a message from the past on their first smartphone, altering the course of a major trial."
1,2,3,"A teacher uses their first smartphone to reconnect with former students, leading to life-changing revelations."
1,2,4,"A surgeon's first smartphone starts ringing after years, leading to a discovery of a forgotten life-saving technique."
1,2,5,A busy single mom and her son bond over their shared love for classic mobile games on an old phone.
1,3,1,A gamer's first smartphone holds the only copy of a game they created; now it's corrupted and they must save it.
1,3,2,"A student's first phone inexplicably connects to unknown networks, uncovering a hidden digital world."
1,3,3,A content creator's first smartphone inspires them to start a series about the evolution of mobile tech.
1,3,4,"A young coder's first phone receives a code that hacks into any device, leading them to uncover its origin."
1,3,5,Two rival tech enthusiasts rediscover their passion through a competition involving their first smartphones.
1,4,1,"An environmentalist's first phone contains critical data on an endangered species, and it's failing."
1,4,2,"An artist uses their first smartphone to start a viral campaign on recycling electronics, changing their career."
1,4,3,A non-profit worker's first smartphone is a tool that opened their eyes to global environmental issues.
1,4,4,"An eco-warrior's first phone is mysteriously recycled, leading to an investigation into illegal waste management practices."
1,4,5,An environmental scientist and an old tech collector team up to create an exhibit on the lifecycle of smartphones.
1,5,1,"A personal trainer's first smartphone contains their earliest training videos, now at risk of being lost forever."
1,5,2,An athlete's first phone comes back to life with an AI that helps them train for a major competition.
1,5,3,A health coach revisits the diet and workout apps that started their career on their first smartphone.
1,5,4,A competitive bodybuilder's first phone receives strange messages that lead them to a secret fitness society.
1,5,5,A fitness influencer and a tech newbie collaborate to review the earliest fitness
3,1,1,A marketing specialist at a smartphone company must counteract viral negative reviews that threaten a product launch.
3,1,2,"A software engineer discovers a hidden algorithm that manipulates video popularity, affecting their startup’s app."
3,1,3,"An entrepreneur navigates the world of online video content creation, learning to balance authenticity with appeal."
3,1,4,A young professional investigates who is behind a series of anonymously posted defamatory videos about their company.
3,1,5,Two rival tech reviewers unexpectedly team up to explore the truth behind a controversial video review.
3,2,1,A doctor uses viral video content to educate on health myths but faces backlash from traditional medicine advocates.
3,2,2,"A teacher's classroom science experiment goes viral, leading to unexpected fame and scrutiny."
3,2,3,A lawyer parents learn to connect with their distant teenager through creating and sharing video content.
3,2,4,A teacher digs into the source of a viral video that has led to rumors swirling around the school.
3,2,5,"A single mom and her child start a video blog about family cooking, facing both praise and criticism."
3,3,1,"A gamer's streaming session goes viral for the wrong reasons, and they must navigate the fallout."
3,3,2,"A student develops an app that filters online video feedback, but it mistakenly blocks positive feedback, causing chaos."
3,3,3,A content creator faces the ups and downs of internet fame as they review tech products online.
3,3,4,A tech blogger investigates the sudden surge of negative comments on their normally positive review channel.
3,3,5,Two YouTubers from different niches collaborate to tackle cyberbullying in their video comments.
3,4,1,"An environmental activist's video on waste reduction goes viral, but misinformation spreads faster."
3,4,2,An artist uses viral video campaigns to promote eco-conscious art but struggles with negative backlash.
3,4,3,A non-profit worker must adapt their message as their environmental documentary faces criticism and support online.
3,4,4,An eco-blogger investigates a smear campaign against their viral video advocating for renewable energy.
3,4,5,Two environmental influencers unite to correct misconceptions spread by a viral video about climate change.
3,5,1,"A personal trainer's workout video goes viral for a dangerous move, and they must correct the misunderstanding."
3,5,2,"An athlete's inspirational recovery video unexpectedly goes viral, bringing both support and undue pressure."
3,5,3,A health coach deals with the emotional toll of viral success and online trolls as they promote healthy living.
3,5,4,A fitness vlogger seeks to uncover who is behind a series of negative videos that target their training methods.
3,5,5,A fitness influencer and a skeptical journalist collaborate on a video series to explore the truths of fitness fads.
4,1,1,A young designer at a tech company must solve the puzzle of a malfunctioning magnetic phone case before launch.
4,1,2,"After accidentally discovering a secret feature in a new phone model, a tech worker must navigate corporate espionage."
4,1,3,A product manager is tasked with leading a team to revamp the look of a struggling smartphone line.
4,1,4,A tech enthusiast investigates how a seemingly innocuous phone feature is causing widespread network outages.
4,1,5,"Two competitors in mobile phone design collaborate to create a hybrid device, overcoming personal and technical challenges."
4,2,1,"A parent who is also a mechanical engineer must design a child-proof, durable smartphone case overnight for a critical meeting."
4,2,2,"A lawyer finds a phone that adapts its screen based on the user’s mood, leading to unpredictable consequences."
4,2,3,A teacher uses a newly designed educational phone app that drastically changes the learning environment in her classroom.
4,2,4,A doctor delves into the mysterious cause of a phone that overheats only during specific medical apps use.
4,2,5,Two parents from different cultures design a smartphone app that helps kids learn new languages through interactive screen technology.
4,3,1,A gamer creates a phone case that enhances gaming experience but faces legal challenges from big tech companies.
4,3,2,"A young tech fan finds their phone can magnetically attach to any device, unlocking new functionalities and secrets."
4,3,3,"A student in industrial design creates a revolutionary, eco-friendly phone screen, challenging industry standards."
4,3,4,A software developer uncovers that certain phone screens emit a frequency that can interfere with local wildlife.
4,3,5,Two former rivals in a tech competition team up to develop a new type of phone screen that adjusts to lighting conditions automatically.
4,4,1,An environmental scientist develops a biodegradable phone case but struggles with its durability in extreme conditions.
4,4,2,"An artist inspired by phone aesthetics starts a trend of sculptural phones, blending technology with art."
4,4,3,"A non-profit worker promotes phones made from recycled materials, facing skepticism and resistance."
4,4,4,An eco-friendly tech advocate investigates a conspiracy around the suppression of sustainable phone technologies.
4,4,5,An environmentalist and a tech engineer collaborate on a project to create solar-powered phone screens.
4,5,1,"A fitness app developer tests a new phone strap during extreme workouts, but it fails spectacularly in public demos."
4,5,2,"An athlete discovers their new sports phone has features that predict and prevent injuries, leading to ethical questions."
4,5,3,A health coach uses a groundbreaking new health monitoring phone screen to revolutionize client interactions.
4,5,4,A bodybuilder traces a series of gym accidents back to a faulty new phone model designed for athletes.
4,5,5,A personal trainer and a tech developer create a customizable phone interface for personalized fitness regimens.
5,1,1,A tech entrepreneur is the first to receive a flawed Galaxy Fold prototype and must navigate the recall process to save their startup.
5,1,2,"An app developer discovers their software behaves unpredictably on the Galaxy Fold, leading to unexpected opportunities."
5,1,3,"A gadget reviewer’s first negative review on the Galaxy Fold goes viral, testing their credibility and career."
5,1,4,A young professional unravels a conspiracy involving espionage through a Galaxy Fold left in their possession.
5,1,5,"Two young tech bloggers form a partnership to create the ultimate Galaxy Fold user guide, navigating both friendship and rivalry."
5,2,1,A busy parent relies on the Galaxy Fold to juggle family and career but faces a critical malfunction at the worst time.
5,2,2,"During a family holiday, a parent’s Galaxy Fold captures a once-in-a-lifetime moment, changing their view on technology’s role in family life."
5,2,3,"A lawyer uses their Galaxy Fold to manage a high-profile case remotely, redefining their work-life balance."
5,2,4,"A teacher investigates mysterious messages sent from a student’s Galaxy Fold, uncovering a deeper issue."
5,2,5,"Two parents start a blog to share the challenges and joys of parenting with the help of their Galaxy Folds, building a community of tech-savvy families."
5,3,1,"A gamer modifies their Galaxy Fold for optimal gaming, but the modifications lead to unexpected complications."
5,3,2,A student develops a foldable-phone-specific app that accidentally becomes essential for Galaxy Fold users worldwide.
5,3,3,A content creator specializing in foldable tech faces a moral dilemma when offered a bribe to skew their review of the Galaxy Fold.
5,3,4,A tech blogger digs into the origins of a mysterious fault in Galaxy Folds that seems too widespread to be a coincidence.
5,3,5,"A tech savant and a skeptical critic team up to test the limits of the Galaxy Fold, discovering both its strengths and weaknesses."
5,4,1,"An environmental activist challenges Samsung to make the Galaxy Fold more sustainable, sparking a viral campaign."
5,4,2,An artist uses a Galaxy Fold to create environmental awareness art that folds into an interactive display.
5,4,3,"A non-profit organizer uses the Galaxy Fold to coordinate global volunteers in real-time, revolutionizing their operations."
5,4,4,"An eco-blogger uncovers that their Galaxy Fold has rare, recyclable components, leading to a push for tech recycling reforms."
5,4,5,An environmental scientist and a tech engineer work together on a project to use Galaxy Fold technology for wildlife tracking.
5,5,1,A personal trainer relies on the Galaxy Fold for interactive training sessions but struggles with its durability in rugged environments.
5,5,2,"A bodybuilder uses their Galaxy Fold to track workout analytics, only to find it predicts more than just fitness results."
5,5,3,"A yoga instructor uses the Galaxy Fold to enhance their teachings with augmented reality, transforming their classes."
5,5,4,A health coach investigates a series of malfunctions in Galaxy Folds used by marathon runners during races.
5,5,5,A fitness enthusiast and a tech geek collaborate to develop a fitness app optimized for the Galaxy Fold’s unique display.